{"cameraMode":{"drawMode":0,"name":"Shaded","section":"Shading Mode"},"sceneLighting":false,"audioPlay":false,"sceneViewState":{"m_AlwaysRefresh":false,"showFog":true,"showSkybox":false,"showFlares":true,"showImageEffects":true,"showParticleSystems":true,"showVisualEffectGraphs":true,"m_FxEnabled":true},"in2DMode":false,"pivot":{"x":-0.025152862071990968,"y":0.9635812044143677,"z":-0.12233304977416992},"rotation":{"x":0.10832072049379349,"y":0.599639892578125,"z":-0.08236321061849594,"w":0.7886214852333069},"size":1.4359580278396607,"orthographic":false}